category,count,columns,cmd,pid,time,counter,event,ptr,fun,lib
row,16777216,32,perf,6146,11651603.542207:,1,cache-misses:,ffffffff8d212570,perf_event_addr_filters_exec+0x0,([kernel.kallsyms])
row,16777216,32,perf,6146,11651603.542209:,1,branch-misses:,ffffffff8d212570,perf_event_addr_filters_exec+0x0,([kernel.kallsyms])
row,16777216,32,perf,6146,11651603.542219:,1,cache-misses:,ffffffff8d212570,perf_event_addr_filters_exec+0x0,([kernel.kallsyms])
row,16777216,32,perf,6146,11651603.542220:,1,branch-misses:,ffffffff8d212570,perf_event_addr_filters_exec+0x0,([kernel.kallsyms])
row,16777216,32,perf,6146,11651603.542225:,97,cache-misses:,ffffffff8d212570,perf_event_addr_filters_exec+0x0,([kernel.kallsyms])
row,16777216,32,perf,6146,11651603.542226:,114,branch-misses:,ffffffff8d212570,perf_event_addr_filters_exec+0x0,([kernel.kallsyms])
row,16777216,32,simulation,6146,11651603.542233:,27378,branch-misses:,ffffffff8d0eaeb0,flush_signal_handlers+0x30,([kernel.kallsyms])
row,16777216,32,simulation,6146,11651603.542239:,22851,cache-misses:,ffffffff8d5f475f,get_random_u32+0x1f,([kernel.kallsyms])
row,16777216,32,simulation,6146,11651603.550015:,1557668,branch-misses:,43461b,SimulateRowPayloadMerge<unsigned,int>+0xab,(/experiments/sorting_simulation/simulation)
row,16777216,32,simulation,6146,11651603.565188:,99561,cache-misses:,ffffffff8d239b61,get_page_from_freelist+0x881,([kernel.kallsyms])
row,16777216,32,simulation,6146,11651603.597737:,62405,branch-misses:,43461b,SimulateRowPayloadMerge<unsigned,int>+0xab,(/experiments/sorting_simulation/simulation)
row,16777216,32,simulation,6146,11651603.608166:,60517,branch-misses:,43461b,SimulateRowPayloadMerge<unsigned,int>+0xab,(/experiments/sorting_simulation/simulation)
row,16777216,32,simulation,6146,11651603.618548:,58625,branch-misses:,43460a,SimulateRowPayloadMerge<unsigned,int>+0x9a,(/experiments/sorting_simulation/simulation)
row,16777216,32,simulation,6146,11651603.628251:,59909,branch-misses:,43461b,SimulateRowPayloadMerge<unsigned,int>+0xab,(/experiments/sorting_simulation/simulation)
row,16777216,32,simulation,6146,11651603.631654:,2237,cache-misses:,ffffffff8d4bf2ad,__list_del_entry_valid+0x3d,([kernel.kallsyms])
row,16777216,32,simulation,6146,11651603.638186:,60123,branch-misses:,43461b,SimulateRowPayloadMerge<unsigned,int>+0xab,(/experiments/sorting_simulation/simulation)
row,16777216,32,simulation,6146,11651603.641351:,2377,cache-misses:,ffffffff8d2ce46f,mem_cgroup_try_charge+0xf,([kernel.kallsyms])
row,16777216,32,simulation,6146,11651603.648208:,60065,branch-misses:,434611,SimulateRowPayloadMerge<unsigned,int>+0xa1,(/experiments/sorting_simulation/simulation)
row,16777216,32,simulation,6146,11651603.651731:,2252,cache-misses:,ffffffff8d2719f7,__handle_mm_fault+0x997,([kernel.kallsyms])
row,16777216,32,simulation,6146,11651603.658207:,60057,branch-misses:,43461b,SimulateRowPayloadMerge<unsigned,int>+0xab,(/experiments/sorting_simulation/simulation)
row,16777216,32,simulation,6146,11651603.661131:,2370,cache-misses:,ffffffff8d2ce471,mem_cgroup_try_charge+0x11,([kernel.kallsyms])
row,16777216,32,simulation,6146,11651603.668237:,59885,branch-misses:,43461b,SimulateRowPayloadMerge<unsigned,int>+0xab,(/experiments/sorting_simulation/simulation)
row,16777216,32,simulation,6146,11651603.670585:,2475,cache-misses:,ffffffff8d2a1e7d,alloc_pages_vma+0x7d,([kernel.kallsyms])
row,16777216,32,simulation,6146,11651603.678163:,60251,branch-misses:,43461b,SimulateRowPayloadMerge<unsigned,int>+0xab,(/experiments/sorting_simulation/simulation)
row,16777216,32,simulation,6146,11651603.680553:,2499,cache-misses:,ffffffff8d239b61,get_page_from_freelist+0x881,([kernel.kallsyms])
row,16777216,32,simulation,6146,11651603.688070:,60695,branch-misses:,434611,SimulateRowPayloadMerge<unsigned,int>+0xa1,(/experiments/sorting_simulation/simulation)
row,16777216,32,simulation,6146,11651603.691355:,2320,cache-misses:,ffffffff8d97bbf7,clear_page_erms+0x7,([kernel.kallsyms])
row,16777216,32,simulation,6146,11651603.698179:,60447,branch-misses:,43461f,SimulateRowPayloadMerge<unsigned,int>+0xaf,(/experiments/sorting_simulation/simulation)
row,16777216,32,simulation,6146,11651603.700840:,2368,cache-misses:,ffffffff8d4bf2ad,__list_del_entry_valid+0x3d,([kernel.kallsyms])
row,16777216,32,simulation,6146,11651603.708112:,60758,branch-misses:,43461f,SimulateRowPayloadMerge<unsigned,int>+0xaf,(/experiments/sorting_simulation/simulation)
row,16777216,32,simulation,6146,11651603.710919:,2349,cache-misses:,ffffffff8d239b61,get_page_from_freelist+0x881,([kernel.kallsyms])
row,16777216,32,simulation,6146,11651603.718022:,61158,branch-misses:,43460a,SimulateRowPayloadMerge<unsigned,int>+0x9a,(/experiments/sorting_simulation/simulation)
row,16777216,32,simulation,6146,11651603.720774:,2364,cache-misses:,ffffffff8d239ae3,get_page_from_freelist+0x803,([kernel.kallsyms])
row,16777216,32,simulation,6146,11651603.727966:,61422,branch-misses:,43460a,SimulateRowPayloadMerge<unsigned,int>+0x9a,(/experiments/sorting_simulation/simulation)
row,16777216,32,simulation,6146,11651603.730700:,2364,cache-misses:,ffffffff8d2ce467,mem_cgroup_try_charge+0x7,([kernel.kallsyms])
row,16777216,32,simulation,6146,11651603.738048:,61070,branch-misses:,43461b,SimulateRowPayloadMerge<unsigned,int>+0xab,(/experiments/sorting_simulation/simulation)
row,16777216,32,simulation,6146,11651603.739533:,2366,cache-misses:,ffffffff8d9798f0,xas_load+0x0,([kernel.kallsyms])
row,16777216,32,simulation,6146,11651605.740318:,2366,cache-misses:,ffffffff8d97bbf7,clear_page_erms+0x7,([kernel.kallsyms])
row,16777216,32,simulation,6146,11651605.742286:,6772,cache-misses:,ffffffff8d239b66,get_page_from_freelist+0x886,([kernel.kallsyms])
row,16777216,32,simulation,6146,11651605.748462:,10695,cache-misses:,ffffffff8d97bbf7,clear_page_erms+0x7,([kernel.kallsyms])
row,16777216,32,simulation,6146,11651605.753549:,14892,cache-misses:,ffffffff8d2ce467,mem_cgroup_try_charge+0x7,([kernel.kallsyms])
row,16777216,32,simulation,6146,11651605.758768:,22499,cache-misses:,ffffffff8d23aa98,get_page_from_freelist+0x17b8,([kernel.kallsyms])
row,16777216,32,simulation,6146,11651605.767111:,25327,cache-misses:,ffffffff8d97bbf9,clear_page_erms+0x9,([kernel.kallsyms])
row,16777216,32,simulation,6146,11651605.776480:,26467,cache-misses:,ffffffff8d23aa98,get_page_from_freelist+0x17b8,([kernel.kallsyms])
row,16777216,32,simulation,6146,11651605.786037:,27341,cache-misses:,ffffffff8d239c6e,get_page_from_freelist+0x98e,([kernel.kallsyms])
row,16777216,32,simulation,6146,11651605.788885:,13555,branch-misses:,ffffffff8d24317b,__pagevec_lru_add_fn+0x2b,([kernel.kallsyms])
row,16777216,32,simulation,6146,11651605.795651:,28199,cache-misses:,ffffffff8d236177,bad_range+0x77,([kernel.kallsyms])
row,16777216,32,simulation,6146,11651605.798000:,14576,branch-misses:,ffffffff8d266827,vmacache_find+0x57,([kernel.kallsyms])
row,16777216,32,simulation,6146,11651605.805637:,28178,cache-misses:,ffffffff8d236177,bad_range+0x77,([kernel.kallsyms])
row,16777216,32,simulation,6146,11651605.807200:,15542,branch-misses:,ffffffff8d2723ca,handle_mm_fault+0x1a,([kernel.kallsyms])
row,16777216,32,simulation,6146,11651605.815497:,28409,cache-misses:,ffffffff8d23aa98,get_page_from_freelist+0x17b8,([kernel.kallsyms])
row,16777216,32,simulation,6146,11651605.816632:,16141,branch-misses:,ffffffff8d24317b,__pagevec_lru_add_fn+0x2b,([kernel.kallsyms])
row,16777216,32,simulation,6146,11651605.825332:,28684,cache-misses:,ffffffff8d236177,bad_range+0x77,([kernel.kallsyms])
row,16777216,32,simulation,6146,11651605.826013:,16918,branch-misses:,ffffffff8d24317b,__pagevec_lru_add_fn+0x2b,([kernel.kallsyms])
row,16777216,32,simulation,6146,11651605.835249:,28829,cache-misses:,ffffffff8d239b98,get_page_from_freelist+0x8b8,([kernel.kallsyms])
row,16777216,32,simulation,6146,11651605.836084:,16878,branch-misses:,ffffffff8d24317b,__pagevec_lru_add_fn+0x2b,([kernel.kallsyms])
row,16777216,32,simulation,6146,11651605.845204:,28851,cache-misses:,ffffffff8d236177,bad_range+0x77,([kernel.kallsyms])
row,16777216,32,simulation,6146,11651605.845515:,17815,branch-misses:,ffffffff8d27257d,handle_mm_fault+0x1cd,([kernel.kallsyms])
row,16777216,32,simulation,6146,11651605.855020:,29440,cache-misses:,ffffffff8d4bf2b6,__list_del_entry_valid+0x46,([kernel.kallsyms])
row,16777216,32,simulation,6146,11651605.855960:,17137,branch-misses:,405761,MergePayloadRows+0x161,(/experiments/sorting_simulation/simulation)
row,16777216,32,simulation,6146,11651605.865069:,29289,cache-misses:,ffffffff8d23aa94,get_page_from_freelist+0x17b4,([kernel.kallsyms])
row,16777216,32,simulation,6146,11651605.865577:,17718,branch-misses:,ffffffff8d98ef9d,_raw_spin_unlock_irqrestore+0xd,([kernel.kallsyms])
row,16777216,32,simulation,6146,11651605.875375:,28657,cache-misses:,ffffffff8d236177,bad_range+0x77,([kernel.kallsyms])
row,16777216,32,simulation,6146,11651605.876467:,16568,branch-misses:,ffffffff8d277ec0,find_vma+0x20,([kernel.kallsyms])
row,16777216,32,simulation,6146,11651605.885103:,29242,cache-misses:,ffffffff8d239bd8,get_page_from_freelist+0x8f8,([kernel.kallsyms])
row,16777216,32,simulation,6146,11651605.886469:,16508,branch-misses:,ffffffff8d26681f,vmacache_find+0x4f,([kernel.kallsyms])
row,16777216,32,simulation,6146,11651605.894961:,29437,cache-misses:,ffffffff8d239ae3,get_page_from_freelist+0x803,([kernel.kallsyms])
row,16777216,32,simulation,6146,11651605.895985:,17119,branch-misses:,ffffffff8d24317b,__pagevec_lru_add_fn+0x2b,([kernel.kallsyms])
row,16777216,32,simulation,6146,11651605.904943:,29587,cache-misses:,ffffffff8d239b02,get_page_from_freelist+0x822,([kernel.kallsyms])
row,16777216,32,simulation,6146,11651605.905882:,17143,branch-misses:,ffffffff8d266813,vmacache_find+0x43,([kernel.kallsyms])
row,16777216,32,simulation,6146,11651605.914932:,29587,cache-misses:,ffffffff8d2ce467,mem_cgroup_try_charge+0x7,([kernel.kallsyms])
row,16777216,32,simulation,6146,11651605.915747:,17377,branch-misses:,ffffffff8d2723c6,handle_mm_fault+0x16,([kernel.kallsyms])
row,16777216,32,simulation,6146,11651605.924984:,29390,cache-misses:,ffffffff8d236177,bad_range+0x77,([kernel.kallsyms])
row,16777216,32,simulation,6146,11651605.925653:,17534,branch-misses:,ffffffff8d277eb6,find_vma+0x16,([kernel.kallsyms])
row,16777216,32,simulation,6146,11651605.935197:,18182,branch-misses:,ffffffff8d277ec0,find_vma+0x20,([kernel.kallsyms])
row,16777216,32,simulation,6146,11651605.935305:,28663,cache-misses:,ffffffff8d23bca1,__alloc_pages_nodemask+0x171,([kernel.kallsyms])
row,16777216,32,simulation,6146,11651605.945146:,18013,branch-misses:,ffffffff8d2723d4,handle_mm_fault+0x24,([kernel.kallsyms])
row,16777216,32,simulation,6146,11651605.945418:,28438,cache-misses:,ffffffff8d4bf2ad,__list_del_entry_valid+0x3d,([kernel.kallsyms])
row,16777216,32,simulation,6146,11651605.955410:,28504,cache-misses:,ffffffff8d23bcc7,__alloc_pages_nodemask+0x197,([kernel.kallsyms])
row,16777216,32,simulation,6146,11651605.955652:,17421,branch-misses:,ffffffff8d2723d4,handle_mm_fault+0x24,([kernel.kallsyms])
row,16777216,32,simulation,6146,11651605.965390:,28599,cache-misses:,ffffffff8d23aa98,get_page_from_freelist+0x17b8,([kernel.kallsyms])
row,16777216,32,simulation,6146,11651605.966018:,16908,branch-misses:,ffffffff8d2723c2,handle_mm_fault+0x12,([kernel.kallsyms])
row,16777216,32,simulation,6146,11651605.975452:,28393,cache-misses:,ffffffff8d2a1e9d,alloc_pages_vma+0x9d,([kernel.kallsyms])
row,16777216,32,simulation,6146,11651605.975721:,17332,branch-misses:,ffffffff8d2723c6,handle_mm_fault+0x16,([kernel.kallsyms])
row,16777216,32,simulation,6146,11651605.985411:,28561,cache-misses:,ffffffff8d2a1e97,alloc_pages_vma+0x97,([kernel.kallsyms])
row,16777216,32,simulation,6146,11651605.985565:,17619,branch-misses:,ffffffff8d26683a,vmacache_find+0x6a,([kernel.kallsyms])
row,16777216,32,simulation,6146,11651605.995382:,17781,branch-misses:,ffffffff8d2c6385,mem_cgroup_from_task+0x15,([kernel.kallsyms])
row,16777216,32,simulation,6146,11651605.995511:,28321,cache-misses:,ffffffff8d23bcc3,__alloc_pages_nodemask+0x193,([kernel.kallsyms])
row,16777216,32,simulation,6146,11651606.005524:,28323,cache-misses:,ffffffff8d2a1e9d,alloc_pages_vma+0x9d,([kernel.kallsyms])
row,16777216,32,simulation,6146,11651606.005588:,17472,branch-misses:,ffffffff8d26681f,vmacache_find+0x4f,([kernel.kallsyms])
row,16777216,32,simulation,6146,11651606.015439:,28518,cache-misses:,ffffffff8d4bf2b6,__list_del_entry_valid+0x46,([kernel.kallsyms])
row,16777216,32,simulation,6146,11651606.015465:,17576,branch-misses:,ffffffff8d26683a,vmacache_find+0x6a,([kernel.kallsyms])
row,16777216,32,simulation,6146,11651606.025285:,17624,branch-misses:,ffffffff8d277ec0,find_vma+0x20,([kernel.kallsyms])
row,16777216,32,simulation,6146,11651606.025475:,28376,cache-misses:,ffffffff8d98f110,_raw_spin_lock+0x10,([kernel.kallsyms])
row,16777216,32,simulation,6146,11651606.035463:,28434,cache-misses:,ffffffff8d236173,bad_range+0x73,([kernel.kallsyms])
row,16777216,32,simulation,6146,11651606.035534:,17467,branch-misses:,405766,MergePayloadRows+0x166,(/experiments/sorting_simulation/simulation)
row,16777216,32,simulation,6146,11651606.045512:,28353,cache-misses:,ffffffff8d239e70,get_page_from_freelist+0xb90,([kernel.kallsyms])
row,16777216,32,simulation,6146,11651606.045960:,16814,branch-misses:,ffffffff8d24317b,__pagevec_lru_add_fn+0x2b,([kernel.kallsyms])
row,16777216,32,simulation,6146,11651606.055316:,28567,cache-misses:,ffffffff8d23aa98,get_page_from_freelist+0x17b8,([kernel.kallsyms])
row,16777216,32,simulation,6146,11651606.055699:,17251,branch-misses:,ffffffff8d24317b,__pagevec_lru_add_fn+0x2b,([kernel.kallsyms])
row,16777216,32,simulation,6146,11651606.065393:,28451,cache-misses:,ffffffff8d2ce48d,mem_cgroup_try_charge+0x2d,([kernel.kallsyms])
row,16777216,32,simulation,6146,11651606.065631:,17217,branch-misses:,ffffffff8d277ec0,find_vma+0x20,([kernel.kallsyms])
row,16777216,32,simulation,6146,11651606.075154:,17858,branch-misses:,ffffffff8d27257d,handle_mm_fault+0x1cd,([kernel.kallsyms])
row,16777216,32,simulation,6146,11651606.075397:,28384,cache-misses:,ffffffff8d239b04,get_page_from_freelist+0x824,([kernel.kallsyms])
row,16777216,32,simulation,6146,11651606.085308:,28610,cache-misses:,ffffffff8d23aa98,get_page_from_freelist+0x17b8,([kernel.kallsyms])
row,16777216,32,simulation,6146,11651606.085408:,17487,branch-misses:,ffffffff8d24317b,__pagevec_lru_add_fn+0x2b,([kernel.kallsyms])
row,16777216,32,simulation,6146,11651606.095225:,17721,branch-misses:,ffffffff8d2c8b8b,mem_cgroup_charge_statistics+0x20b,([kernel.kallsyms])
row,16777216,32,simulation,6146,11651606.095419:,28399,cache-misses:,ffffffff8d239ae3,get_page_from_freelist+0x803,([kernel.kallsyms])
row,16777216,32,simulation,6146,11651606.105248:,17452,branch-misses:,ffffffff8d26681f,vmacache_find+0x4f,([kernel.kallsyms])
row,16777216,32,simulation,6146,11651606.105455:,28324,cache-misses:,ffffffff8d23bcc3,__alloc_pages_nodemask+0x193,([kernel.kallsyms])
row,16777216,32,simulation,6146,11651606.115035:,17736,branch-misses:,ffffffff8d2c6381,mem_cgroup_from_task+0x11,([kernel.kallsyms])
row,16777216,32,simulation,6146,11651606.115578:,28145,cache-misses:,ffffffff8d2ce471,mem_cgroup_try_charge+0x11,([kernel.kallsyms])
row,16777216,32,simulation,6146,11651606.125858:,16621,branch-misses:,ffffffff8d239b69,get_page_from_freelist+0x889,([kernel.kallsyms])
row,16777216,32,simulation,6146,11651606.125918:,27426,cache-misses:,ffffffff8d23bcc3,__alloc_pages_nodemask+0x193,([kernel.kallsyms])
row,16777216,32,simulation,6146,11651606.135675:,17062,branch-misses:,ffffffff8d27257d,handle_mm_fault+0x1cd,([kernel.kallsyms])
row,16777216,32,simulation,6146,11651606.135703:,28018,cache-misses:,ffffffff8d239ae3,get_page_from_freelist+0x803,([kernel.kallsyms])
row,16777216,32,simulation,6146,11651606.145557:,28440,cache-misses:,ffffffff8d97bbf7,clear_page_erms+0x7,([kernel.kallsyms])
row,16777216,32,simulation,6146,11651606.145681:,17094,branch-misses:,ffffffff8d2c8b8b,mem_cgroup_charge_statistics+0x20b,([kernel.kallsyms])
row,16777216,32,simulation,6146,11651606.154951:,18134,branch-misses:,ffffffff8d27257d,handle_mm_fault+0x1cd,([kernel.kallsyms])
row,16777216,32,simulation,6146,11651606.155565:,28355,cache-misses:,ffffffff8d239afd,get_page_from_freelist+0x81d,([kernel.kallsyms])
row,16777216,32,simulation,6146,11651606.165232:,17842,branch-misses:,ffffffff8d2723d4,handle_mm_fault+0x24,([kernel.kallsyms])
row,16777216,32,simulation,6146,11651606.165527:,28349,cache-misses:,ffffffff8d23aa98,get_page_from_freelist+0x17b8,([kernel.kallsyms])
row,16777216,32,simulation,6146,11651606.175136:,17983,branch-misses:,ffffffff8d98f191,_raw_spin_lock_irqsave+0x11,([kernel.kallsyms])
row,16777216,32,simulation,6146,11651606.175306:,28372,cache-misses:,ffffffff8d239b00,get_page_from_freelist+0x820,([kernel.kallsyms])
row,16777216,32,simulation,6146,11651606.185200:,28858,cache-misses:,ffffffff8d239b06,get_page_from_freelist+0x826,([kernel.kallsyms])
row,16777216,32,simulation,6146,11651606.185453:,17546,branch-misses:,ffffffff8d26681f,vmacache_find+0x4f,([kernel.kallsyms])
row,16777216,32,simulation,6146,11651606.195106:,17916,branch-misses:,ffffffff8d24317b,__pagevec_lru_add_fn+0x2b,([kernel.kallsyms])
row,16777216,32,simulation,6146,11651606.195408:,28446,cache-misses:,ffffffff8d239b02,get_page_from_freelist+0x822,([kernel.kallsyms])
row,16777216,32,simulation,6146,11651606.205556:,28180,cache-misses:,ffffffff8d2cdc89,memcg_kmem_charge+0x9,([kernel.kallsyms])
row,16777216,32,simulation,6146,11651606.205592:,17267,branch-misses:,ffffffff8d24317b,__pagevec_lru_add_fn+0x2b,([kernel.kallsyms])
row,16777216,32,simulation,6146,11651606.215381:,28571,cache-misses:,ffffffff8d239cd0,get_page_from_freelist+0x9f0,([kernel.kallsyms])
row,16777216,32,simulation,6146,11651606.215673:,17383,branch-misses:,ffffffff8d26683a,vmacache_find+0x6a,([kernel.kallsyms])
row,16777216,32,simulation,6146,11651606.225488:,28359,cache-misses:,ffffffff8d23aa98,get_page_from_freelist+0x17b8,([kernel.kallsyms])
row,16777216,32,simulation,6146,11651606.225735:,17325,branch-misses:,ffffffff8d277eb6,find_vma+0x16,([kernel.kallsyms])
row,16777216,32,simulation,6146,11651606.235377:,28568,cache-misses:,ffffffff8d23bcc2,__alloc_pages_nodemask+0x192,([kernel.kallsyms])
row,16777216,32,simulation,6146,11651606.235395:,17706,branch-misses:,ffffffff8d98ef9d,_raw_spin_unlock_irqrestore+0xd,([kernel.kallsyms])
row,16777216,32,simulation,6146,11651606.245480:,28293,cache-misses:,ffffffff8d236154,bad_range+0x54,([kernel.kallsyms])
row,16777216,32,simulation,6146,11651606.245653:,17420,branch-misses:,ffffffff8d26683a,vmacache_find+0x6a,([kernel.kallsyms])
row,16777216,32,simulation,6146,11651606.255512:,28219,cache-misses:,ffffffff8d23bcc2,__alloc_pages_nodemask+0x192,([kernel.kallsyms])
row,16777216,32,simulation,6146,11651606.255525:,17622,branch-misses:,ffffffff8d24317b,__pagevec_lru_add_fn+0x2b,([kernel.kallsyms])
row,16777216,32,simulation,6146,11651606.265428:,28327,cache-misses:,ffffffff8d2ce460,mem_cgroup_try_charge+0x0,([kernel.kallsyms])
row,16777216,32,simulation,6146,11651606.265472:,17729,branch-misses:,ffffffff8d277ec0,find_vma+0x20,([kernel.kallsyms])
row,16777216,32,simulation,6146,11651606.275103:,18168,branch-misses:,ffffffff8d24317b,__pagevec_lru_add_fn+0x2b,([kernel.kallsyms])
row,16777216,32,simulation,6146,11651606.275407:,28318,cache-misses:,ffffffff8d239ae3,get_page_from_freelist+0x803,([kernel.kallsyms])
row,16777216,32,simulation,6146,11651606.285407:,28396,cache-misses:,ffffffff8d2ce475,mem_cgroup_try_charge+0x15,([kernel.kallsyms])
row,16777216,32,simulation,6146,11651606.285645:,17384,branch-misses:,ffffffff8d266813,vmacache_find+0x43,([kernel.kallsyms])
row,16777216,32,simulation,6146,11651606.295472:,28205,cache-misses:,ffffffff8d23bcb4,__alloc_pages_nodemask+0x184,([kernel.kallsyms])
row,16777216,32,simulation,6146,11651606.295897:,17194,branch-misses:,ffffffff8d24317b,__pagevec_lru_add_fn+0x2b,([kernel.kallsyms])
row,16777216,32,simulation,6146,11651606.305161:,29078,cache-misses:,ffffffff8d23aa98,get_page_from_freelist+0x17b8,([kernel.kallsyms])
row,16777216,32,simulation,6146,11651606.305945:,17181,branch-misses:,ffffffff8d239b0c,get_page_from_freelist+0x82c,([kernel.kallsyms])
row,16777216,32,simulation,6146,11651606.315324:,17744,branch-misses:,ffffffff8d2cbdcd,try_charge+0xad,([kernel.kallsyms])
row,16777216,32,simulation,6146,11651606.315384:,28621,cache-misses:,ffffffff8d23bcc7,__alloc_pages_nodemask+0x197,([kernel.kallsyms])
row,16777216,32,simulation,6146,11651606.325503:,28333,cache-misses:,ffffffff8d2ce5e5,mem_cgroup_try_charge_delay+0x5,([kernel.kallsyms])
row,16777216,32,simulation,6146,11651606.325544:,17717,branch-misses:,ffffffff8d2667e9,vmacache_find+0x19,([kernel.kallsyms])
row,16777216,32,simulation,6146,11651606.335499:,28310,cache-misses:,ffffffff8d23bcc7,__alloc_pages_nodemask+0x197,([kernel.kallsyms])
row,16777216,32,simulation,6146,11651606.335687:,17479,branch-misses:,ffffffff8d24317b,__pagevec_lru_add_fn+0x2b,([kernel.kallsyms])
row,16777216,32,simulation,6146,11651606.345497:,28354,cache-misses:,ffffffff8d239aec,get_page_from_freelist+0x80c,([kernel.kallsyms])
row,16777216,32,simulation,6146,11651606.345736:,17340,branch-misses:,ffffffff8d258111,__mod_zone_page_state+0x41,([kernel.kallsyms])
row,16777216,32,simulation,6146,11651606.355400:,17900,branch-misses:,ffffffff8d258173,__mod_node_page_state+0x43,([kernel.kallsyms])
row,16777216,32,simulation,6146,11651606.355544:,28146,cache-misses:,ffffffff8d2a1e7d,alloc_pages_vma+0x7d,([kernel.kallsyms])
row,16777216,32,simulation,6146,11651606.365498:,28335,cache-misses:,ffffffff8d239ccb,get_page_from_freelist+0x9eb,([kernel.kallsyms])
row,16777216,32,simulation,6146,11651606.365703:,17347,branch-misses:,ffffffff8d26683a,vmacache_find+0x6a,([kernel.kallsyms])
row,16777216,32,simulation,6146,11651606.375814:,27773,cache-misses:,ffffffff8d2ce460,mem_cgroup_try_charge+0x0,([kernel.kallsyms])
row,16777216,32,simulation,6146,11651606.376112:,16645,branch-misses:,ffffffff8d24317b,__pagevec_lru_add_fn+0x2b,([kernel.kallsyms])
row,16777216,32,simulation,6146,11651606.385691:,27979,cache-misses:,ffffffff8d23bcc9,__alloc_pages_nodemask+0x199,([kernel.kallsyms])
row,16777216,32,simulation,6146,11651606.385899:,17056,branch-misses:,ffffffff8d24317b,__pagevec_lru_add_fn+0x2b,([kernel.kallsyms])
row,16777216,32,simulation,6146,11651606.395461:,28376,cache-misses:,ffffffff8d2ce460,mem_cgroup_try_charge+0x0,([kernel.kallsyms])
row,16777216,32,simulation,6146,11651606.395527:,17230,branch-misses:,ffffffff8d27257d,handle_mm_fault+0x1cd,([kernel.kallsyms])
row,16777216,32,simulation,6146,11651606.405377:,17595,branch-misses:,ffffffff8d2723ca,handle_mm_fault+0x1a,([kernel.kallsyms])
row,16777216,32,simulation,6146,11651606.405461:,28425,cache-misses:,ffffffff8d236177,bad_range+0x77,([kernel.kallsyms])
row,16777216,32,simulation,6146,11651606.415403:,17517,branch-misses:,ffffffff8d266837,vmacache_find+0x67,([kernel.kallsyms])
row,16777216,32,simulation,6146,11651606.415528:,28281,cache-misses:,ffffffff8d4bf2ad,__list_del_entry_valid+0x3d,([kernel.kallsyms])
row,16777216,32,simulation,6146,11651606.425396:,17691,branch-misses:,ffffffff8d2723d4,handle_mm_fault+0x24,([kernel.kallsyms])
row,16777216,32,simulation,6146,11651606.425559:,28177,cache-misses:,ffffffff8d23aa98,get_page_from_freelist+0x17b8,([kernel.kallsyms])
row,16777216,32,simulation,6146,11651606.435154:,18219,branch-misses:,ffffffff8d2cbdcd,try_charge+0xad,([kernel.kallsyms])
row,16777216,32,simulation,6146,11651606.435338:,28732,cache-misses:,ffffffff8d2ce5e5,mem_cgroup_try_charge_delay+0x5,([kernel.kallsyms])
row,16777216,32,simulation,6146,11651606.445684:,28050,cache-misses:,ffffffff8d23bcc7,__alloc_pages_nodemask+0x197,([kernel.kallsyms])
row,16777216,32,simulation,6146,11651606.445900:,17214,branch-misses:,ffffffff8d24317b,__pagevec_lru_add_fn+0x2b,([kernel.kallsyms])
row,16777216,32,simulation,6146,11651606.455130:,29249,cache-misses:,ffffffff8d98f110,_raw_spin_lock+0x10,([kernel.kallsyms])
row,16777216,32,simulation,6146,11651606.455913:,17045,branch-misses:,ffffffff8d277ec0,find_vma+0x20,([kernel.kallsyms])
row,16777216,32,simulation,6146,11651606.464746:,30150,cache-misses:,ffffffff8d98f110,_raw_spin_lock+0x10,([kernel.kallsyms])
row,16777216,32,simulation,6146,11651606.465895:,17152,branch-misses:,ffffffff8d2cbdcd,try_charge+0xad,([kernel.kallsyms])
row,16777216,32,simulation,6146,11651606.474703:,30200,cache-misses:,ffffffff8d23615f,bad_range+0x5f,([kernel.kallsyms])
row,16777216,32,simulation,6146,11651606.475628:,17556,branch-misses:,ffffffff8d26681f,vmacache_find+0x4f,([kernel.kallsyms])
row,16777216,32,simulation,6146,11651606.484528:,30445,cache-misses:,ffffffff8d239b00,get_page_from_freelist+0x820,([kernel.kallsyms])
row,16777216,32,simulation,6146,11651606.485417:,17824,branch-misses:,ffffffff8d2723d4,handle_mm_fault+0x24,([kernel.kallsyms])
row,16777216,32,simulation,6146,11651606.494571:,30394,cache-misses:,ffffffff8d239c94,get_page_from_freelist+0x9b4,([kernel.kallsyms])
row,16777216,32,simulation,6146,11651606.495691:,17347,branch-misses:,ffffffff8d24317b,__pagevec_lru_add_fn+0x2b,([kernel.kallsyms])
row,16777216,32,simulation,6146,11651606.504682:,30202,cache-misses:,ffffffff8d2a1e74,alloc_pages_vma+0x74,([kernel.kallsyms])
row,16777216,32,simulation,6146,11651606.505516:,17681,branch-misses:,ffffffff8d26683a,vmacache_find+0x6a,([kernel.kallsyms])
row,16777216,32,simulation,6146,11651606.514591:,30363,cache-misses:,ffffffff8d98f110,_raw_spin_lock+0x10,([kernel.kallsyms])
row,16777216,32,simulation,6146,11651606.515170:,18132,branch-misses:,ffffffff8d24317b,__pagevec_lru_add_fn+0x2b,([kernel.kallsyms])
row,16777216,32,simulation,6146,11651606.524647:,30177,cache-misses:,ffffffff8d2c6107,page_counter_try_charge+0x27,([kernel.kallsyms])
row,16777216,32,simulation,6146,11651606.525476:,17863,branch-misses:,ffffffff8d2667e9,vmacache_find+0x19,([kernel.kallsyms])
row,16777216,32,simulation,6146,11651606.534761:,30059,cache-misses:,ffffffff8d23bcc9,__alloc_pages_nodemask+0x199,([kernel.kallsyms])
row,16777216,32,simulation,6146,11651606.535819:,17341,branch-misses:,ffffffff8d24317b,__pagevec_lru_add_fn+0x2b,([kernel.kallsyms])
row,16777216,32,simulation,6146,11651606.544642:,30283,cache-misses:,ffffffff8d23aa98,get_page_from_freelist+0x17b8,([kernel.kallsyms])
row,16777216,32,simulation,6146,11651606.546080:,17051,branch-misses:,ffffffff8d98ef9d,_raw_spin_unlock_irqrestore+0xd,([kernel.kallsyms])
row,16777216,32,simulation,6146,11651606.558111:,22814,cache-misses:,ffffffff8d239ae3,get_page_from_freelist+0x803,([kernel.kallsyms])
row,16777216,32,simulation,6146,11651606.559236:,13460,branch-misses:,ffffffff8d98f191,_raw_spin_lock_irqsave+0x11,([kernel.kallsyms])
row,16777216,32,simulation,6146,11651606.569264:,20820,cache-misses:,ffffffff8d23bcc3,__alloc_pages_nodemask+0x193,([kernel.kallsyms])
row,16777216,32,simulation,6146,11651606.570001:,12745,branch-misses:,ffffffff8d24317b,__pagevec_lru_add_fn+0x2b,([kernel.kallsyms])
row,16777216,32,simulation,6146,11651606.579692:,20127,cache-misses:,ffffffff8d2ce474,mem_cgroup_try_charge+0x14,([kernel.kallsyms])
row,16777216,32,simulation,6146,11651606.579999:,12708,branch-misses:,ffffffff8d24317b,__pagevec_lru_add_fn+0x2b,([kernel.kallsyms])
row,16777216,32,simulation,6146,11651606.589810:,20003,cache-misses:,ffffffff8d2a1e99,alloc_pages_vma+0x99,([kernel.kallsyms])
row,16777216,32,simulation,6146,11651606.589966:,12690,branch-misses:,ffffffff8d24317b,__pagevec_lru_add_fn+0x2b,([kernel.kallsyms])
row,16777216,32,simulation,6146,11651606.591513:,22661,cache-misses:,ffffffff8d26eaf7,unmap_page_range+0x4d7,([kernel.kallsyms])
row,16777216,32,simulation,6146,11651606.592796:,69188,cache-misses:,ffffffff8d26eaf7,unmap_page_range+0x4d7,([kernel.kallsyms])
row,16777216,32,simulation,6146,11651608.597653:,134176,cache-misses:,ffffffff8d238d9f,free_unref_page_list+0xaf,([kernel.kallsyms])
row,16777216,32,simulation,6146,11651608.609473:,124669,cache-misses:,ffffffff8d23761c,free_pcppages_bulk+0x58c,([kernel.kallsyms])
row,16777216,32,simulation,6146,11651608.609606:,8008,branch-misses:,ffffffff8d258181,__mod_node_page_state+0x51,([kernel.kallsyms])
row,16777216,32,simulation,6146,11651608.616840:,153941,cache-misses:,ffffffff8d23611b,bad_range+0x1b,([kernel.kallsyms])
row,16777216,32,simulation,6146,11651608.618066:,8927,branch-misses:,ffffffff8d23709e,free_pcppages_bulk+0xe,([kernel.kallsyms])
row,16777216,32,simulation,6146,11651608.624826:,11448,branch-misses:,ffffffff8d238e30,free_unref_page_list+0x140,([kernel.kallsyms])
row,16777216,32,simulation,6146,11651608.625771:,166613,cache-misses:,ffffffff8d2378d3,free_unref_page_commit+0x43,([kernel.kallsyms])
row,16777216,32,simulation,6146,11651608.633003:,13238,branch-misses:,ffffffff8d237249,free_pcppages_bulk+0x1b9,([kernel.kallsyms])
row,16777216,32,simulation,6146,11651608.635530:,169313,cache-misses:,ffffffff8d28cbbd,free_pages_and_swap_cache+0x2d,([kernel.kallsyms])
row,16777216,32,simulation,6146,11651608.641787:,14411,branch-misses:,ffffffff8d238df3,free_unref_page_list+0x103,([kernel.kallsyms])
row,16777216,32,simulation,6146,11651608.645290:,172586,cache-misses:,ffffffff8d26eda2,unmap_page_range+0x782,([kernel.kallsyms])
row,16777216,32,simulation,6146,11651608.651678:,14478,branch-misses:,ffffffff8d238e30,free_unref_page_list+0x140,([kernel.kallsyms])
row,16777216,32,simulation,6146,11651608.654093:,190220,cache-misses:,ffffffff8d23738b,free_pcppages_bulk+0x2fb,([kernel.kallsyms])
row,16777216,32,simulation,6146,11651608.662340:,13826,branch-misses:,ffffffff8d237249,free_pcppages_bulk+0x1b9,([kernel.kallsyms])
row,16777216,32,simulation,6146,11651608.663788:,196031,cache-misses:,ffffffff8d237630,free_pcppages_bulk+0x5a0,([kernel.kallsyms])
row,16777216,32,simulation,6146,11651608.670371:,15126,branch-misses:,ffffffff8d237923,free_unref_page_commit+0x93,([kernel.kallsyms])
row,16777216,32,simulation,6146,11651608.673296:,201109,cache-misses:,ffffffff8d2ca917,uncharge_page+0xd7,([kernel.kallsyms])
row,16777216,32,simulation,6146,11651608.676115:,21075,branch-misses:,ffffffff8d98ef9d,_raw_spin_unlock_irqrestore+0xd,([kernel.kallsyms])
col,16777216,32,perf,6152,11651609.917576:,1,cache-misses:,ffffffff8d212570,perf_event_addr_filters_exec+0x0,([kernel.kallsyms])
col,16777216,32,perf,6152,11651609.917578:,1,branch-misses:,ffffffff8d212570,perf_event_addr_filters_exec+0x0,([kernel.kallsyms])
col,16777216,32,perf,6152,11651609.917590:,1,cache-misses:,ffffffff8d212570,perf_event_addr_filters_exec+0x0,([kernel.kallsyms])
col,16777216,32,perf,6152,11651609.917591:,1,branch-misses:,ffffffff8d212570,perf_event_addr_filters_exec+0x0,([kernel.kallsyms])
col,16777216,32,perf,6152,11651609.917596:,88,cache-misses:,ffffffff8d162701,ktime_get_update_offsets_now+0x41,([kernel.kallsyms])
col,16777216,32,perf,6152,11651609.917597:,105,branch-misses:,ffffffff8d162701,ktime_get_update_offsets_now+0x41,([kernel.kallsyms])
col,16777216,32,perf,6152,11651609.917614:,17350,branch-misses:,ffffffff8d0e2aef,irq_exit+0x4f,([kernel.kallsyms])
col,16777216,32,simulation,6152,11651609.917624:,14723,cache-misses:,ffffffff8d101fca,commit_creds+0x2a,([kernel.kallsyms])
col,16777216,32,simulation,6152,11651609.919255:,614626,cache-misses:,7f122d856129,[unknown],(/usr/lib/x86_64-linux-gnu/ld-2.31.so)
col,16777216,32,simulation,6152,11651609.919709:,1031712,branch-misses:,7f122d3990a8,_IO_file_overflow+0x1a8,(/usr/lib/x86_64-linux-gnu/libc-2.31.so)
col,16777216,32,simulation,6152,11651609.962586:,52774,branch-misses:,4349ca,SimulateColumnPayloadMerge<unsigned,int>+0xda,(/experiments/sorting_simulation/simulation)
col,16777216,32,simulation,6152,11651609.973167:,50614,branch-misses:,4349ca,SimulateColumnPayloadMerge<unsigned,int>+0xda,(/experiments/sorting_simulation/simulation)
col,16777216,32,simulation,6152,11651609.983310:,50100,branch-misses:,4349ca,SimulateColumnPayloadMerge<unsigned,int>+0xda,(/experiments/sorting_simulation/simulation)
col,16777216,32,simulation,6152,11651609.993342:,49990,branch-misses:,4349ca,SimulateColumnPayloadMerge<unsigned,int>+0xda,(/experiments/sorting_simulation/simulation)
col,16777216,32,simulation,6152,11651609.999102:,2003,cache-misses:,ffffffff8d2ce46a,mem_cgroup_try_charge+0xa,([kernel.kallsyms])
col,16777216,32,simulation,6152,11651610.003387:,49796,branch-misses:,4349ca,SimulateColumnPayloadMerge<unsigned,int>+0xda,(/experiments/sorting_simulation/simulation)
col,16777216,32,simulation,6152,11651610.009370:,1877,cache-misses:,ffffffff8d2ce471,mem_cgroup_try_charge+0x11,([kernel.kallsyms])
col,16777216,32,simulation,6152,11651610.013361:,49901,branch-misses:,4349c0,SimulateColumnPayloadMerge<unsigned,int>+0xd0,(/experiments/sorting_simulation/simulation)
col,16777216,32,simulation,6152,11651610.019520:,1919,cache-misses:,ffffffff8d239b61,get_page_from_freelist+0x881,([kernel.kallsyms])
col,16777216,32,simulation,6152,11651610.023347:,49970,branch-misses:,434993,SimulateColumnPayloadMerge<unsigned,int>+0xa3,(/experiments/sorting_simulation/simulation)
col,16777216,32,simulation,6152,11651610.029898:,1855,cache-misses:,ffffffff8d239b00,get_page_from_freelist+0x820,([kernel.kallsyms])
col,16777216,32,simulation,6152,11651610.033368:,49894,branch-misses:,4349ba,SimulateColumnPayloadMerge<unsigned,int>+0xca,(/experiments/sorting_simulation/simulation)
col,16777216,32,simulation,6152,11651610.039254:,1847,cache-misses:,ffffffff8d2ce460,mem_cgroup_try_charge+0x0,([kernel.kallsyms])
col,16777216,32,simulation,6152,11651610.043131:,50588,branch-misses:,4349ca,SimulateColumnPayloadMerge<unsigned,int>+0xda,(/experiments/sorting_simulation/simulation)
col,16777216,32,simulation,6152,11651610.046836:,2278,cache-misses:,ffffffff8d23aa98,get_page_from_freelist+0x17b8,([kernel.kallsyms])
col,16777216,32,simulation,6152,11651610.051479:,57248,branch-misses:,4349ca,SimulateColumnPayloadMerge<unsigned,int>+0xda,(/experiments/sorting_simulation/simulation)
col,16777216,32,simulation,6152,11651610.056682:,2271,cache-misses:,ffffffff8d239b66,get_page_from_freelist+0x886,([kernel.kallsyms])
col,16777216,32,simulation,6152,11651610.060994:,59446,branch-misses:,4349ca,SimulateColumnPayloadMerge<unsigned,int>+0xda,(/experiments/sorting_simulation/simulation)
col,16777216,32,simulation,6152,11651610.066696:,2257,cache-misses:,ffffffff8d239aec,get_page_from_freelist+0x80c,([kernel.kallsyms])
col,16777216,32,simulation,6152,11651610.070817:,60192,branch-misses:,434990,SimulateColumnPayloadMerge<unsigned,int>+0xa0,(/experiments/sorting_simulation/simulation)
col,16777216,32,simulation,6152,11651610.075719:,2437,cache-misses:,ffffffff8d239b06,get_page_from_freelist+0x826,([kernel.kallsyms])
col,16777216,32,simulation,6152,11651610.080762:,60430,branch-misses:,4349ca,SimulateColumnPayloadMerge<unsigned,int>+0xda,(/experiments/sorting_simulation/simulation)
col,16777216,32,simulation,6152,11651610.086130:,2439,cache-misses:,ffffffff8d2ce460,mem_cgroup_try_charge+0x0,([kernel.kallsyms])
col,16777216,32,simulation,6152,11651610.090725:,60607,branch-misses:,434990,SimulateColumnPayloadMerge<unsigned,int>+0xa0,(/experiments/sorting_simulation/simulation)
col,16777216,32,simulation,6152,11651610.096590:,2343,cache-misses:,ffffffff8d239ae3,get_page_from_freelist+0x803,([kernel.kallsyms])
col,16777216,32,simulation,6152,11651610.100710:,60668,branch-misses:,4349ca,SimulateColumnPayloadMerge<unsigned,int>+0xda,(/experiments/sorting_simulation/simulation)
col,16777216,32,simulation,6152,11651610.106475:,2291,cache-misses:,ffffffff8d23bd74,__alloc_pages_nodemask+0x244,([kernel.kallsyms])
col,16777216,32,simulation,6152,11651610.110739:,60516,branch-misses:,4349ba,SimulateColumnPayloadMerge<unsigned,int>+0xca,(/experiments/sorting_simulation/simulation)
col,16777216,32,simulation,6152,11651610.116226:,2262,cache-misses:,ffffffff8d23bd74,__alloc_pages_nodemask+0x244,([kernel.kallsyms])
col,16777216,32,simulation,6152,11651610.120759:,60446,branch-misses:,434990,SimulateColumnPayloadMerge<unsigned,int>+0xa0,(/experiments/sorting_simulation/simulation)
col,16777216,32,simulation,6152,11651610.126001:,2248,cache-misses:,ffffffff8d4bf2ad,__list_del_entry_valid+0x3d,([kernel.kallsyms])
col,16777216,32,simulation,6152,11651610.131224:,58478,branch-misses:,4349ca,SimulateColumnPayloadMerge<unsigned,int>+0xda,(/experiments/sorting_simulation/simulation)
col,16777216,32,simulation,6152,11651610.135052:,2212,cache-misses:,7f122d8557b8,[unknown],(/usr/lib/x86_64-linux-gnu/ld-2.31.so)
col,16777216,32,simulation,6152,11651612.135470:,2212,cache-misses:,4b34f8,MergePayloadColumns<unsigned,int>+0x378,(/experiments/sorting_simulation/simulation)
col,16777216,32,simulation,6152,11651612.135651:,7496,cache-misses:,4b34e5,MergePayloadColumns<unsigned,int>+0x365,(/experiments/sorting_simulation/simulation)
col,16777216,32,simulation,6152,11651612.138444:,52016,cache-misses:,ffffffff8d97bbf7,clear_page_erms+0x7,([kernel.kallsyms])
col,16777216,32,simulation,6152,11651612.153492:,42649,cache-misses:,ffffffff8d4bf2ad,__list_del_entry_valid+0x3d,([kernel.kallsyms])
col,16777216,32,simulation,6152,11651612.161334:,50258,cache-misses:,ffffffff8d2a1e9d,alloc_pages_vma+0x9d,([kernel.kallsyms])
col,16777216,32,simulation,6152,11651612.169685:,13498,branch-misses:,ffffffff8d277ec0,find_vma+0x20,([kernel.kallsyms])
col,16777216,32,simulation,6152,11651612.170112:,55166,cache-misses:,ffffffff8d97bbf9,clear_page_erms+0x9,([kernel.kallsyms])
col,16777216,32,simulation,6152,11651612.179892:,13260,branch-misses:,ffffffff8d266831,vmacache_find+0x61,([kernel.kallsyms])
col,16777216,32,simulation,6152,11651612.179953:,56115,cache-misses:,ffffffff8d97bbf7,clear_page_erms+0x7,([kernel.kallsyms])
col,16777216,32,simulation,6152,11651612.189739:,57020,cache-misses:,ffffffff8d97bbf7,clear_page_erms+0x7,([kernel.kallsyms])
col,16777216,32,simulation,6152,11651612.190381:,12776,branch-misses:,ffffffff8d24317b,__pagevec_lru_add_fn+0x2b,([kernel.kallsyms])
col,16777216,32,simulation,6152,11651612.199836:,56378,cache-misses:,ffffffff8d97bbf9,clear_page_erms+0x9,([kernel.kallsyms])
col,16777216,32,simulation,6152,11651612.200719:,12443,branch-misses:,ffffffff8d24317b,__pagevec_lru_add_fn+0x2b,([kernel.kallsyms])
col,16777216,32,simulation,6152,11651612.209674:,56622,cache-misses:,ffffffff8d97bbf7,clear_page_erms+0x7,([kernel.kallsyms])
col,16777216,32,simulation,6152,11651612.210309:,12825,branch-misses:,ffffffff8d24317b,__pagevec_lru_add_fn+0x2b,([kernel.kallsyms])
col,16777216,32,simulation,6152,11651612.219469:,57540,cache-misses:,ffffffff8d97bbf9,clear_page_erms+0x9,([kernel.kallsyms])
col,16777216,32,simulation,6152,11651612.219782:,13374,branch-misses:,ffffffff8d24317b,__pagevec_lru_add_fn+0x2b,([kernel.kallsyms])
col,16777216,32,simulation,6152,11651612.229408:,57893,cache-misses:,ffffffff8d97bbf7,clear_page_erms+0x7,([kernel.kallsyms])
col,16777216,32,simulation,6152,11651612.229646:,13478,branch-misses:,ffffffff8d24317b,__pagevec_lru_add_fn+0x2b,([kernel.kallsyms])
col,16777216,32,simulation,6152,11651612.239236:,58534,cache-misses:,ffffffff8d239afe,get_page_from_freelist+0x81e,([kernel.kallsyms])
col,16777216,32,simulation,6152,11651612.239528:,13570,branch-misses:,ffffffff8d24317b,__pagevec_lru_add_fn+0x2b,([kernel.kallsyms])
col,16777216,32,simulation,6152,11651612.248327:,14755,branch-misses:,ffffffff8d2712c5,__handle_mm_fault+0x265,([kernel.kallsyms])
col,16777216,32,simulation,6152,11651612.249286:,58440,cache-misses:,ffffffff8d97bbf7,clear_page_erms+0x7,([kernel.kallsyms])
col,16777216,32,simulation,6152,11651612.257425:,15575,branch-misses:,ffffffff8d24317b,__pagevec_lru_add_fn+0x2b,([kernel.kallsyms])
col,16777216,32,simulation,6152,11651612.259066:,59445,cache-misses:,ffffffff8d23bcc9,__alloc_pages_nodemask+0x199,([kernel.kallsyms])
col,16777216,32,simulation,6152,11651612.267670:,15597,branch-misses:,4b34f8,MergePayloadColumns<unsigned,int>+0x378,(/experiments/sorting_simulation/simulation)
col,16777216,32,simulation,6152,11651612.269139:,59158,cache-misses:,ffffffff8d97bbf7,clear_page_erms+0x7,([kernel.kallsyms])
col,16777216,32,simulation,6152,11651612.278334:,14762,branch-misses:,ffffffff8d24317b,__pagevec_lru_add_fn+0x2b,([kernel.kallsyms])
col,16777216,32,simulation,6152,11651612.279142:,59145,cache-misses:,ffffffff8d97bbf7,clear_page_erms+0x7,([kernel.kallsyms])
col,16777216,32,simulation,6152,11651612.287759:,15547,branch-misses:,ffffffff8d277ec0,find_vma+0x20,([kernel.kallsyms])
col,16777216,32,simulation,6152,11651612.289169:,59189,cache-misses:,ffffffff8d97bbf7,clear_page_erms+0x7,([kernel.kallsyms])
col,16777216,32,simulation,6152,11651612.298601:,14603,branch-misses:,ffffffff8d24317b,__pagevec_lru_add_fn+0x2b,([kernel.kallsyms])
col,16777216,32,simulation,6152,11651612.299135:,59009,cache-misses:,ffffffff8d97bbf7,clear_page_erms+0x7,([kernel.kallsyms])
col,16777216,32,simulation,6152,11651612.308877:,14236,branch-misses:,ffffffff8d26681f,vmacache_find+0x4f,([kernel.kallsyms])
col,16777216,32,simulation,6152,11651612.308996:,59653,cache-misses:,ffffffff8d97bbf7,clear_page_erms+0x7,([kernel.kallsyms])
col,16777216,32,simulation,6152,11651612.318973:,59592,cache-misses:,ffffffff8d97bbf7,clear_page_erms+0x7,([kernel.kallsyms])
col,16777216,32,simulation,6152,11651612.319279:,13842,branch-misses:,ffffffff8d26681f,vmacache_find+0x4f,([kernel.kallsyms])
col,16777216,32,simulation,6152,11651612.329140:,59301,cache-misses:,ffffffff8d4bf2ad,__list_del_entry_valid+0x3d,([kernel.kallsyms])
col,16777216,32,simulation,6152,11651612.329326:,13795,branch-misses:,ffffffff8d24317b,__pagevec_lru_add_fn+0x2b,([kernel.kallsyms])
col,16777216,32,simulation,6152,11651612.339176:,59070,cache-misses:,ffffffff8d97bbf7,clear_page_erms+0x7,([kernel.kallsyms])
col,16777216,32,simulation,6152,11651612.339331:,13800,branch-misses:,ffffffff8d98f191,_raw_spin_lock_irqsave+0x11,([kernel.kallsyms])
col,16777216,32,simulation,6152,11651612.349171:,59011,cache-misses:,ffffffff8d97bbf7,clear_page_erms+0x7,([kernel.kallsyms])
col,16777216,32,simulation,6152,11651612.349172:,13883,branch-misses:,ffffffff8d97bbf7,clear_page_erms+0x7,([kernel.kallsyms])
col,16777216,32,simulation,6152,11651612.359279:,58716,cache-misses:,ffffffff8d97bbf7,clear_page_erms+0x7,([kernel.kallsyms])
col,16777216,32,simulation,6152,11651612.359517:,13568,branch-misses:,ffffffff8d26681f,vmacache_find+0x4f,([kernel.kallsyms])
col,16777216,32,simulation,6152,11651612.368593:,62569,cache-misses:,4b34e9,MergePayloadColumns<unsigned,int>+0x369,(/experiments/sorting_simulation/simulation)
col,16777216,32,simulation,6152,11651612.369354:,13735,branch-misses:,ffffffff8d266837,vmacache_find+0x67,([kernel.kallsyms])
col,16777216,32,simulation,6152,11651612.378096:,64745,cache-misses:,ffffffff8d97bbf7,clear_page_erms+0x7,([kernel.kallsyms])
col,16777216,32,simulation,6152,11651612.378985:,14291,branch-misses:,ffffffff8d2c6385,mem_cgroup_from_task+0x15,([kernel.kallsyms])
col,16777216,32,simulation,6152,11651612.387889:,66190,cache-misses:,ffffffff8d97bbf9,clear_page_erms+0x9,([kernel.kallsyms])
col,16777216,32,simulation,6152,11651612.387913:,15388,branch-misses:,ffffffff8d2724ab,handle_mm_fault+0xfb,([kernel.kallsyms])
col,16777216,32,simulation,6152,11651612.397570:,15776,branch-misses:,ffffffff8d030605,read_tsc+0x5,([kernel.kallsyms])
col,16777216,32,simulation,6152,11651612.397777:,66690,cache-misses:,ffffffff8d97bbf7,clear_page_erms+0x7,([kernel.kallsyms])
col,16777216,32,simulation,6152,11651612.407626:,15789,branch-misses:,ffffffff8d26683a,vmacache_find+0x6a,([kernel.kallsyms])
col,16777216,32,simulation,6152,11651612.407690:,66875,cache-misses:,ffffffff8d97bbf7,clear_page_erms+0x7,([kernel.kallsyms])
col,16777216,32,simulation,6152,11651612.417697:,67009,cache-misses:,ffffffff8d239bc2,get_page_from_freelist+0x8e2,([kernel.kallsyms])
col,16777216,32,simulation,6152,11651612.419391:,13716,branch-misses:,ffffffff8d98f191,_raw_spin_lock_irqsave+0x11,([kernel.kallsyms])
col,16777216,32,simulation,6152,11651612.427696:,66944,cache-misses:,ffffffff8d97bbf7,clear_page_erms+0x7,([kernel.kallsyms])
col,16777216,32,simulation,6152,11651612.430182:,12936,branch-misses:,ffffffff8d2723d4,handle_mm_fault+0x24,([kernel.kallsyms])
col,16777216,32,simulation,6152,11651612.437695:,66995,cache-misses:,ffffffff8d97bbf7,clear_page_erms+0x7,([kernel.kallsyms])
col,16777216,32,simulation,6152,11651612.440246:,12846,branch-misses:,ffffffff8d98f110,_raw_spin_lock+0x10,([kernel.kallsyms])
col,16777216,32,simulation,6152,11651612.447610:,67439,cache-misses:,ffffffff8d98f110,_raw_spin_lock+0x10,([kernel.kallsyms])
col,16777216,32,simulation,6152,11651612.449583:,13467,branch-misses:,ffffffff8d98f191,_raw_spin_lock_irqsave+0x11,([kernel.kallsyms])
col,16777216,32,simulation,6152,11651612.457666:,66907,cache-misses:,ffffffff8d97bbf7,clear_page_erms+0x7,([kernel.kallsyms])
col,16777216,32,simulation,6152,11651612.459875:,13209,branch-misses:,ffffffff8d277ec0,find_vma+0x20,([kernel.kallsyms])
col,16777216,32,simulation,6152,11651612.467790:,66670,cache-misses:,ffffffff8d23bc90,__alloc_pages_nodemask+0x160,([kernel.kallsyms])
col,16777216,32,simulation,6152,11651612.470080:,13031,branch-misses:,ffffffff8d24317b,__pagevec_lru_add_fn+0x2b,([kernel.kallsyms])
col,16777216,32,simulation,6152,11651612.477681:,67187,cache-misses:,ffffffff8d4bf2ad,__list_del_entry_valid+0x3d,([kernel.kallsyms])
col,16777216,32,simulation,6152,11651612.479758:,13384,branch-misses:,ffffffff8d239ba1,get_page_from_freelist+0x8c1,([kernel.kallsyms])
col,16777216,32,simulation,6152,11651612.487868:,66304,cache-misses:,ffffffff8d27253f,handle_mm_fault+0x18f,([kernel.kallsyms])
col,16777216,32,simulation,6152,11651612.489608:,13532,branch-misses:,ffffffff8d266837,vmacache_find+0x67,([kernel.kallsyms])
col,16777216,32,simulation,6152,11651612.497817:,66422,cache-misses:,ffffffff8d23bcc7,__alloc_pages_nodemask+0x197,([kernel.kallsyms])
col,16777216,32,simulation,6152,11651612.499552:,13608,branch-misses:,ffffffff8d266837,vmacache_find+0x67,([kernel.kallsyms])
col,16777216,32,simulation,6152,11651612.507721:,66842,cache-misses:,4b34e9,MergePayloadColumns<unsigned,int>+0x369,(/experiments/sorting_simulation/simulation)
col,16777216,32,simulation,6152,11651612.509526:,13634,branch-misses:,ffffffff8d2cbdcd,try_charge+0xad,([kernel.kallsyms])
col,16777216,32,simulation,6152,11651612.517716:,66721,cache-misses:,ffffffff8d97bbf7,clear_page_erms+0x7,([kernel.kallsyms])
col,16777216,32,simulation,6152,11651612.518113:,15261,branch-misses:,ffffffff8d24317b,__pagevec_lru_add_fn+0x2b,([kernel.kallsyms])
col,16777216,32,simulation,6152,11651612.527347:,16106,branch-misses:,ffffffff8d24317b,__pagevec_lru_add_fn+0x2b,([kernel.kallsyms])
col,16777216,32,simulation,6152,11651612.527688:,66575,cache-misses:,ffffffff8d4bf2ad,__list_del_entry_valid+0x3d,([kernel.kallsyms])
col,16777216,32,simulation,6152,11651612.536875:,16874,branch-misses:,ffffffff8d24317b,__pagevec_lru_add_fn+0x2b,([kernel.kallsyms])
col,16777216,32,simulation,6152,11651612.537558:,67139,cache-misses:,ffffffff8d4bf2ad,__list_del_entry_valid+0x3d,([kernel.kallsyms])
col,16777216,32,simulation,6152,11651612.547599:,67132,cache-misses:,ffffffff8d239afe,get_page_from_freelist+0x81e,([kernel.kallsyms])
col,16777216,32,simulation,6152,11651612.548673:,14538,branch-misses:,ffffffff8d27257d,handle_mm_fault+0x1cd,([kernel.kallsyms])
col,16777216,32,simulation,6152,11651612.557671:,66879,cache-misses:,ffffffff8d239b06,get_page_from_freelist+0x826,([kernel.kallsyms])
col,16777216,32,simulation,6152,11651612.559151:,13965,branch-misses:,ffffffff8d24317b,__pagevec_lru_add_fn+0x2b,([kernel.kallsyms])
col,16777216,32,simulation,6152,11651612.567702:,66710,cache-misses:,ffffffff8d97bbf7,clear_page_erms+0x7,([kernel.kallsyms])
col,16777216,32,simulation,6152,11651612.569254:,13883,branch-misses:,ffffffff8d26681f,vmacache_find+0x4f,([kernel.kallsyms])
col,16777216,32,simulation,6152,11651612.577625:,67475,cache-misses:,ffffffff8d4bf2ad,__list_del_entry_valid+0x3d,([kernel.kallsyms])
col,16777216,32,simulation,6152,11651612.579233:,13907,branch-misses:,ffffffff8d266837,vmacache_find+0x67,([kernel.kallsyms])
col,16777216,32,simulation,6152,11651612.587726:,66887,cache-misses:,ffffffff8d97bbf7,clear_page_erms+0x7,([kernel.kallsyms])
col,16777216,32,simulation,6152,11651612.589015:,14146,branch-misses:,ffffffff8d2c89dd,mem_cgroup_charge_statistics+0x5d,([kernel.kallsyms])
col,16777216,32,simulation,6152,11651612.597711:,66975,cache-misses:,ffffffff8d97bbf7,clear_page_erms+0x7,([kernel.kallsyms])
col,16777216,32,simulation,6152,11651612.599041:,14100,branch-misses:,ffffffff8d27257d,handle_mm_fault+0x1cd,([kernel.kallsyms])
col,16777216,32,simulation,6152,11651612.607806:,66622,cache-misses:,ffffffff8d97bbf7,clear_page_erms+0x7,([kernel.kallsyms])
col,16777216,32,simulation,6152,11651612.609066:,14109,branch-misses:,ffffffff8d266837,vmacache_find+0x67,([kernel.kallsyms])
col,16777216,32,simulation,6152,11651612.617755:,66351,cache-misses:,ffffffff8d97bbf9,clear_page_erms+0x9,([kernel.kallsyms])
col,16777216,32,simulation,6152,11651612.618857:,14250,branch-misses:,ffffffff8d26683a,vmacache_find+0x6a,([kernel.kallsyms])
col,16777216,32,simulation,6152,11651612.627921:,65406,cache-misses:,ffffffff8d97bbf7,clear_page_erms+0x7,([kernel.kallsyms])
col,16777216,32,simulation,6152,11651612.628746:,14521,branch-misses:,ffffffff8d24317b,__pagevec_lru_add_fn+0x2b,([kernel.kallsyms])
col,16777216,32,simulation,6152,11651612.638132:,64370,cache-misses:,ffffffff8d97bbf7,clear_page_erms+0x7,([kernel.kallsyms])
col,16777216,32,simulation,6152,11651612.638295:,15052,branch-misses:,ffffffff8d266837,vmacache_find+0x67,([kernel.kallsyms])
col,16777216,32,simulation,6152,11651612.647793:,66656,cache-misses:,ffffffff8d97bbf7,clear_page_erms+0x7,([kernel.kallsyms])
col,16777216,32,simulation,6152,11651612.648266:,15112,branch-misses:,ffffffff8d24317b,__pagevec_lru_add_fn+0x2b,([kernel.kallsyms])
col,16777216,32,simulation,6152,11651612.657800:,66608,cache-misses:,ffffffff8d4bf2ad,__list_del_entry_valid+0x3d,([kernel.kallsyms])
col,16777216,32,simulation,6152,11651612.658527:,15086,branch-misses:,ffffffff8d277ec0,find_vma+0x20,([kernel.kallsyms])
col,16777216,32,simulation,6152,11651612.667817:,66518,cache-misses:,ffffffff8d97bbf7,clear_page_erms+0x7,([kernel.kallsyms])
col,16777216,32,simulation,6152,11651612.668552:,15071,branch-misses:,ffffffff8d24317b,__pagevec_lru_add_fn+0x2b,([kernel.kallsyms])
col,16777216,32,simulation,6152,11651612.677749:,66863,cache-misses:,ffffffff8d97bbf7,clear_page_erms+0x7,([kernel.kallsyms])
col,16777216,32,simulation,6152,11651612.678372:,15222,branch-misses:,ffffffff8d2724ab,handle_mm_fault+0xfb,([kernel.kallsyms])
col,16777216,32,simulation,6152,11651612.687546:,67819,cache-misses:,4b34da,MergePayloadColumns<unsigned,int>+0x35a,(/experiments/sorting_simulation/simulation)
col,16777216,32,simulation,6152,11651612.689697:,13653,branch-misses:,ffffffff8d2723c2,handle_mm_fault+0x12,([kernel.kallsyms])
col,16777216,32,simulation,6152,11651612.697655:,67082,cache-misses:,ffffffff8d97bbf7,clear_page_erms+0x7,([kernel.kallsyms])
col,16777216,32,simulation,6152,11651612.700352:,12936,branch-misses:,ffffffff8d2723dc,handle_mm_fault+0x2c,([kernel.kallsyms])
col,16777216,32,simulation,6152,11651612.707687:,67051,cache-misses:,ffffffff8d97bbf9,clear_page_erms+0x9,([kernel.kallsyms])
col,16777216,32,simulation,6152,11651612.710270:,13031,branch-misses:,ffffffff8d24317b,__pagevec_lru_add_fn+0x2b,([kernel.kallsyms])
col,16777216,32,simulation,6152,11651612.717552:,67458,cache-misses:,ffffffff8d97bbf7,clear_page_erms+0x7,([kernel.kallsyms])
col,16777216,32,simulation,6152,11651612.719955:,13284,branch-misses:,ffffffff8d24317b,__pagevec_lru_add_fn+0x2b,([kernel.kallsyms])
col,16777216,32,simulation,6152,11651612.727655:,67101,cache-misses:,ffffffff8d258130,__mod_node_page_state+0x0,([kernel.kallsyms])
col,16777216,32,simulation,6152,11651612.730112:,13131,branch-misses:,4b3392,MergePayloadColumns<unsigned,int>+0x212,(/experiments/sorting_simulation/simulation)
col,16777216,32,simulation,6152,11651612.737727:,66838,cache-misses:,ffffffff8d97bbf7,clear_page_erms+0x7,([kernel.kallsyms])
col,16777216,32,simulation,6152,11651612.740205:,12978,branch-misses:,ffffffff8d24317b,__pagevec_lru_add_fn+0x2b,([kernel.kallsyms])
col,16777216,32,simulation,6152,11651612.747867:,66017,cache-misses:,ffffffff8d2a1e8f,alloc_pages_vma+0x8f,([kernel.kallsyms])
col,16777216,32,simulation,6152,11651612.749877:,13444,branch-misses:,ffffffff8d27257d,handle_mm_fault+0x1cd,([kernel.kallsyms])
col,16777216,32,simulation,6152,11651612.757783:,66301,cache-misses:,ffffffff8d239aaa,get_page_from_freelist+0x7ca,([kernel.kallsyms])
col,16777216,32,simulation,6152,11651612.759605:,13748,branch-misses:,ffffffff8d26681f,vmacache_find+0x4f,([kernel.kallsyms])
col,16777216,32,simulation,6152,11651612.767729:,66478,cache-misses:,ffffffff8d97bbf7,clear_page_erms+0x7,([kernel.kallsyms])
col,16777216,32,simulation,6152,11651612.769777:,13587,branch-misses:,ffffffff8d266837,vmacache_find+0x67,([kernel.kallsyms])
col,16777216,32,simulation,6152,11651612.777555:,67694,cache-misses:,ffffffff8da010d0,page_fault+0x0,([kernel.kallsyms])
col,16777216,32,simulation,6152,11651612.779809:,13544,branch-misses:,ffffffff8d2723c2,handle_mm_fault+0x12,([kernel.kallsyms])
col,16777216,32,simulation,6152,11651612.787701:,66681,cache-misses:,ffffffff8d97bbf9,clear_page_erms+0x9,([kernel.kallsyms])
col,16777216,32,simulation,6152,11651612.788313:,15145,branch-misses:,ffffffff8d24317b,__pagevec_lru_add_fn+0x2b,([kernel.kallsyms])
col,16777216,32,simulation,6152,11651612.797492:,16200,branch-misses:,ffffffff8d266816,vmacache_find+0x46,([kernel.kallsyms])
col,16777216,32,simulation,6152,11651612.797622:,66917,cache-misses:,ffffffff8d2a1e95,alloc_pages_vma+0x95,([kernel.kallsyms])
col,16777216,32,simulation,6152,11651612.807600:,67064,cache-misses:,ffffffff8d97bbf9,clear_page_erms+0x9,([kernel.kallsyms])
col,16777216,32,simulation,6152,11651612.807738:,15870,branch-misses:,4b3392,MergePayloadColumns<unsigned,int>+0x212,(/experiments/sorting_simulation/simulation)
col,16777216,32,simulation,6152,11651612.817502:,67680,cache-misses:,ffffffff8d97bbf9,clear_page_erms+0x9,([kernel.kallsyms])
col,16777216,32,simulation,6152,11651612.817709:,15724,branch-misses:,ffffffff8d277ec0,find_vma+0x20,([kernel.kallsyms])
col,16777216,32,simulation,6152,11651612.827674:,66908,cache-misses:,ffffffff8d97bbf7,clear_page_erms+0x7,([kernel.kallsyms])
col,16777216,32,simulation,6152,11651612.828850:,14266,branch-misses:,ffffffff8d24317b,__pagevec_lru_add_fn+0x2b,([kernel.kallsyms])
col,16777216,32,simulation,6152,11651612.837655:,67239,cache-misses:,ffffffff8d97bbf9,clear_page_erms+0x9,([kernel.kallsyms])
col,16777216,32,simulation,6152,11651612.839189:,13950,branch-misses:,ffffffff8d24317b,__pagevec_lru_add_fn+0x2b,([kernel.kallsyms])
col,16777216,32,simulation,6152,11651612.847636:,67218,cache-misses:,ffffffff8d97bbf7,clear_page_erms+0x7,([kernel.kallsyms])
col,16777216,32,simulation,6152,11651612.849010:,14175,branch-misses:,ffffffff8d24317b,__pagevec_lru_add_fn+0x2b,([kernel.kallsyms])
col,16777216,32,simulation,6152,11651612.857642:,67126,cache-misses:,ffffffff8d4bf2ad,__list_del_entry_valid+0x3d,([kernel.kallsyms])
col,16777216,32,simulation,6152,11651612.859095:,14075,branch-misses:,ffffffff8d98f191,_raw_spin_lock_irqsave+0x11,([kernel.kallsyms])
col,16777216,32,simulation,6152,11651612.867601:,67243,cache-misses:,ffffffff8d271a07,__handle_mm_fault+0x9a7,([kernel.kallsyms])
col,16777216,32,simulation,6152,11651612.869067:,14080,branch-misses:,ffffffff8d98f191,_raw_spin_lock_irqsave+0x11,([kernel.kallsyms])
col,16777216,32,simulation,6152,11651612.877782:,66045,cache-misses:,ffffffff8d97bbf7,clear_page_erms+0x7,([kernel.kallsyms])
col,16777216,32,simulation,6152,11651612.879103:,14010,branch-misses:,ffffffff8d26681f,vmacache_find+0x4f,([kernel.kallsyms])
col,16777216,32,simulation,6152,11651612.887774:,66071,cache-misses:,ffffffff8d97bbf7,clear_page_erms+0x7,([kernel.kallsyms])
col,16777216,32,simulation,6152,11651612.888989:,14082,branch-misses:,ffffffff8d26681f,vmacache_find+0x4f,([kernel.kallsyms])
col,16777216,32,simulation,6152,11651612.897667:,66460,cache-misses:,ffffffff8d4bf2ad,__list_del_entry_valid+0x3d,([kernel.kallsyms])
col,16777216,32,simulation,6152,11651612.899143:,13909,branch-misses:,ffffffff8d24317b,__pagevec_lru_add_fn+0x2b,([kernel.kallsyms])
col,16777216,32,simulation,6152,11651612.907480:,67368,cache-misses:,ffffffff8d97bbf7,clear_page_erms+0x7,([kernel.kallsyms])
col,16777216,32,simulation,6152,11651612.909148:,13930,branch-misses:,ffffffff8d26681f,vmacache_find+0x4f,([kernel.kallsyms])
col,16777216,32,simulation,6152,11651612.917627:,67087,cache-misses:,ffffffff8d97bbf9,clear_page_erms+0x9,([kernel.kallsyms])
col,16777216,32,simulation,6152,11651612.919154:,13883,branch-misses:,ffffffff8d24317b,__pagevec_lru_add_fn+0x2b,([kernel.kallsyms])
col,16777216,32,simulation,6152,11651612.927692:,66814,cache-misses:,ffffffff8d97bbf7,clear_page_erms+0x7,([kernel.kallsyms])
col,16777216,32,simulation,6152,11651612.929291:,13858,branch-misses:,ffffffff8d2724a3,handle_mm_fault+0xf3,([kernel.kallsyms])
col,16777216,32,simulation,6152,11651612.937720:,66566,cache-misses:,ffffffff8d4bf2ad,__list_del_entry_valid+0x3d,([kernel.kallsyms])
col,16777216,32,simulation,6152,11651612.938690:,14551,branch-misses:,ffffffff8d2724a3,handle_mm_fault+0xf3,([kernel.kallsyms])
col,16777216,32,simulation,6152,11651612.947773:,66566,cache-misses:,ffffffff8d98f110,_raw_spin_lock+0x10,([kernel.kallsyms])
col,16777216,32,simulation,6152,11651612.948680:,14618,branch-misses:,ffffffff8d2c6381,mem_cgroup_from_task+0x11,([kernel.kallsyms])
col,16777216,32,simulation,6152,11651612.957739:,66486,cache-misses:,ffffffff8d97bbf7,clear_page_erms+0x7,([kernel.kallsyms])
col,16777216,32,simulation,6152,11651612.958358:,14850,branch-misses:,ffffffff8d24317b,__pagevec_lru_add_fn+0x2b,([kernel.kallsyms])
col,16777216,32,simulation,6152,11651612.967715:,66374,cache-misses:,ffffffff8d97bbf9,clear_page_erms+0x9,([kernel.kallsyms])
col,16777216,32,simulation,6152,11651612.968400:,14954,branch-misses:,ffffffff8d24317b,__pagevec_lru_add_fn+0x2b,([kernel.kallsyms])
col,16777216,32,simulation,6152,11651612.977625:,66853,cache-misses:,ffffffff8d97bbf7,clear_page_erms+0x7,([kernel.kallsyms])
col,16777216,32,simulation,6152,11651612.979903:,13409,branch-misses:,ffffffff8d243ce4,release_pages+0x144,([kernel.kallsyms])
col,16777216,32,simulation,6152,11651612.987637:,66713,cache-misses:,ffffffff8d4bf2ad,__list_del_entry_valid+0x3d,([kernel.kallsyms])
col,16777216,32,simulation,6152,11651612.989928:,13318,branch-misses:,ffffffff8d2723c2,handle_mm_fault+0x12,([kernel.kallsyms])
col,16777216,32,simulation,6152,11651612.997677:,66718,cache-misses:,ffffffff8d97bbf7,clear_page_erms+0x7,([kernel.kallsyms])
col,16777216,32,simulation,6152,11651612.999888:,13354,branch-misses:,ffffffff8d2cbdcd,try_charge+0xad,([kernel.kallsyms])
col,16777216,32,simulation,6152,11651613.007680:,66711,cache-misses:,ffffffff8d97bbf9,clear_page_erms+0x9,([kernel.kallsyms])
col,16777216,32,simulation,6152,11651613.009927:,13304,branch-misses:,ffffffff8d277ec0,find_vma+0x20,([kernel.kallsyms])
col,16777216,32,simulation,6152,11651613.017621:,66819,cache-misses:,ffffffff8d4bf2ad,__list_del_entry_valid+0x3d,([kernel.kallsyms])
col,16777216,32,simulation,6152,11651613.019708:,13593,branch-misses:,ffffffff8d24317b,__pagevec_lru_add_fn+0x2b,([kernel.kallsyms])
col,16777216,32,simulation,6152,11651613.027652:,66733,cache-misses:,ffffffff8d97bbf7,clear_page_erms+0x7,([kernel.kallsyms])
col,16777216,32,simulation,6152,11651613.029595:,13697,branch-misses:,ffffffff8d24317b,__pagevec_lru_add_fn+0x2b,([kernel.kallsyms])
col,16777216,32,simulation,6152,11651613.037389:,67761,cache-misses:,ffffffff8d97bbf9,clear_page_erms+0x9,([kernel.kallsyms])
col,16777216,32,simulation,6152,11651613.039709:,13554,branch-misses:,ffffffff8d27257d,handle_mm_fault+0x1cd,([kernel.kallsyms])
col,16777216,32,simulation,6152,11651613.047611:,66740,cache-misses:,ffffffff8d23bcc9,__alloc_pages_nodemask+0x199,([kernel.kallsyms])
col,16777216,32,simulation,6152,11651613.049945:,13247,branch-misses:,ffffffff8d2723b7,handle_mm_fault+0x7,([kernel.kallsyms])
col,16777216,32,simulation,6152,11651613.057538:,67033,cache-misses:,ffffffff8d97bbf7,clear_page_erms+0x7,([kernel.kallsyms])
col,16777216,32,simulation,6152,11651613.058666:,14626,branch-misses:,ffffffff8d26681f,vmacache_find+0x4f,([kernel.kallsyms])
col,16777216,32,simulation,6152,11651613.067305:,16243,branch-misses:,ffffffff8d266813,vmacache_find+0x43,([kernel.kallsyms])
col,16777216,32,simulation,6152,11651613.067395:,67501,cache-misses:,ffffffff8d97bbf7,clear_page_erms+0x7,([kernel.kallsyms])
col,16777216,32,simulation,6152,11651613.077189:,16435,branch-misses:,ffffffff8d27257d,handle_mm_fault+0x1cd,([kernel.kallsyms])
col,16777216,32,simulation,6152,11651613.077372:,67423,cache-misses:,ffffffff8d97bbf9,clear_page_erms+0x9,([kernel.kallsyms])
col,16777216,32,simulation,6152,11651613.087290:,67856,cache-misses:,ffffffff8d97bbf9,clear_page_erms+0x9,([kernel.kallsyms])
col,16777216,32,simulation,6152,11651613.087456:,15948,branch-misses:,ffffffff8d277ec0,find_vma+0x20,([kernel.kallsyms])
col,16777216,32,simulation,6152,11651613.097283:,67804,cache-misses:,ffffffff8da010d0,page_fault+0x0,([kernel.kallsyms])
col,16777216,32,simulation,6152,11651613.098132:,15163,branch-misses:,ffffffff8d26681f,vmacache_find+0x4f,([kernel.kallsyms])
col,16777216,32,simulation,6152,11651613.107054:,68787,cache-misses:,ffffffff8d97bbf7,clear_page_erms+0x7,([kernel.kallsyms])
col,16777216,32,simulation,6152,11651613.108743:,14374,branch-misses:,ffffffff8d266841,vmacache_find+0x71,([kernel.kallsyms])
col,16777216,32,simulation,6152,11651613.117208:,68010,cache-misses:,ffffffff8d97bbf7,clear_page_erms+0x7,([kernel.kallsyms])
col,16777216,32,simulation,6152,11651613.118786:,14491,branch-misses:,ffffffff8d24317b,__pagevec_lru_add_fn+0x2b,([kernel.kallsyms])
col,16777216,32,simulation,6152,11651613.127388:,66949,cache-misses:,ffffffff8d97bbf9,clear_page_erms+0x9,([kernel.kallsyms])
col,16777216,32,simulation,6152,11651613.128904:,14305,branch-misses:,ffffffff8d24317b,__pagevec_lru_add_fn+0x2b,([kernel.kallsyms])
col,16777216,32,simulation,6152,11651613.137469:,66405,cache-misses:,ffffffff8d97bbf7,clear_page_erms+0x7,([kernel.kallsyms])
col,16777216,32,simulation,6152,11651613.138946:,14282,branch-misses:,ffffffff8d24317b,__pagevec_lru_add_fn+0x2b,([kernel.kallsyms])
col,16777216,32,simulation,6152,11651613.147130:,68218,cache-misses:,ffffffff8d2ce4ae,mem_cgroup_try_charge+0x4e,([kernel.kallsyms])
col,16777216,32,simulation,6152,11651613.148960:,14289,branch-misses:,ffffffff8d26681f,vmacache_find+0x4f,([kernel.kallsyms])
col,16777216,32,simulation,6152,11651613.157098:,68544,cache-misses:,ffffffff8d97bbf7,clear_page_erms+0x7,([kernel.kallsyms])
col,16777216,32,simulation,6152,11651613.158766:,14444,branch-misses:,ffffffff8d266837,vmacache_find+0x67,([kernel.kallsyms])
col,16777216,32,simulation,6152,11651613.166947:,69169,cache-misses:,ffffffff8d239c59,get_page_from_freelist+0x979,([kernel.kallsyms])
col,16777216,32,simulation,6152,11651613.169270:,13874,branch-misses:,ffffffff8d2723c2,handle_mm_fault+0x12,([kernel.kallsyms])
col,16777216,32,simulation,6152,11651613.177085:,68501,cache-misses:,ffffffff8d97bbf7,clear_page_erms+0x7,([kernel.kallsyms])
col,16777216,32,simulation,6152,11651613.178870:,14348,branch-misses:,ffffffff8d26681f,vmacache_find+0x4f,([kernel.kallsyms])
col,16777216,32,simulation,6152,11651613.187038:,68800,cache-misses:,ffffffff8d97bbf9,clear_page_erms+0x9,([kernel.kallsyms])
col,16777216,32,simulation,6152,11651613.188320:,15002,branch-misses:,ffffffff8d24317b,__pagevec_lru_add_fn+0x2b,([kernel.kallsyms])
col,16777216,32,simulation,6152,11651613.197228:,16344,branch-misses:,ffffffff8d2667e9,vmacache_find+0x19,([kernel.kallsyms])
col,16777216,32,simulation,6152,11651613.205123:,36621,cache-misses:,ffffffff8d2ce46f,mem_cgroup_try_charge+0xf,([kernel.kallsyms])
col,16777216,32,simulation,6152,11651613.206461:,17202,branch-misses:,ffffffff8d2c6381,mem_cgroup_from_task+0x11,([kernel.kallsyms])
col,16777216,32,simulation,6152,11651613.216194:,17528,branch-misses:,ffffffff8d24317b,__pagevec_lru_add_fn+0x2b,([kernel.kallsyms])
col,16777216,32,simulation,6152,11651613.216877:,32291,cache-misses:,ffffffff8d2ce46f,mem_cgroup_try_charge+0xf,([kernel.kallsyms])
col,16777216,32,simulation,6152,11651613.223433:,31548,cache-misses:,ffffffff8d26eda2,unmap_page_range+0x782,([kernel.kallsyms])
col,16777216,32,simulation,6152,11651613.225383:,62962,cache-misses:,ffffffff8d26e447,_vm_normal_page+0x27,([kernel.kallsyms])
col,16777216,32,simulation,6152,11651615.228851:,12968,branch-misses:,ffffffff8d237346,free_pcppages_bulk+0x2b6,([kernel.kallsyms])
col,16777216,32,simulation,6152,11651615.229818:,119414,cache-misses:,ffffffff8d28cbb6,free_pages_and_swap_cache+0x26,([kernel.kallsyms])
col,16777216,32,simulation,6152,11651615.241135:,112788,cache-misses:,ffffffff8d23738b,free_pcppages_bulk+0x2fb,([kernel.kallsyms])
col,16777216,32,simulation,6152,11651615.249164:,130424,cache-misses:,ffffffff8d2378b4,free_unref_page_commit+0x24,([kernel.kallsyms])
col,16777216,32,simulation,6152,11651615.249327:,7558,branch-misses:,ffffffff8d238e30,free_unref_page_list+0x140,([kernel.kallsyms])
col,16777216,32,simulation,6152,11651615.258604:,7778,branch-misses:,ffffffff8d25811f,__mod_zone_page_state+0x4f,([kernel.kallsyms])
col,16777216,32,simulation,6152,11651615.259020:,135073,cache-misses:,ffffffff8d2373e9,free_pcppages_bulk+0x359,([kernel.kallsyms])
col,16777216,32,simulation,6152,11651615.268146:,135471,cache-misses:,ffffffff8d26eda7,unmap_page_range+0x787,([kernel.kallsyms])
col,16777216,32,simulation,6152,11651615.268666:,7802,branch-misses:,ffffffff8d243c30,release_pages+0x90,([kernel.kallsyms])
col,16777216,32,simulation,6152,11651615.276840:,156360,cache-misses:,ffffffff8d28cbe5,free_pages_and_swap_cache+0x55,([kernel.kallsyms])
col,16777216,32,simulation,6152,11651615.277634:,8275,branch-misses:,ffffffff8d238e30,free_unref_page_list+0x140,([kernel.kallsyms])
col,16777216,32,simulation,6152,11651615.286733:,9035,branch-misses:,ffffffff8d98ef9d,_raw_spin_unlock_irqrestore+0xd,([kernel.kallsyms])
col,16777216,32,simulation,6152,11651615.288078:,142447,cache-misses:,ffffffff8d237257,free_pcppages_bulk+0x1c7,([kernel.kallsyms])
col,16777216,32,simulation,6152,11651615.296191:,9292,branch-misses:,ffffffff8d25811f,__mod_zone_page_state+0x4f,([kernel.kallsyms])
col,16777216,32,simulation,6152,11651615.296479:,160417,cache-misses:,ffffffff8d237630,free_pcppages_bulk+0x5a0,([kernel.kallsyms])
col,16777216,32,simulation,6152,11651615.305450:,9612,branch-misses:,ffffffff8d4bf2a0,__list_del_entry_valid+0x30,([kernel.kallsyms])
col,16777216,32,simulation,6152,11651615.306230:,160293,cache-misses:,ffffffff8d237257,free_pcppages_bulk+0x1c7,([kernel.kallsyms])
col,16777216,32,simulation,6152,11651615.315147:,9787,branch-misses:,ffffffff8d27cea9,arch_tlb_finish_mmu+0x39,([kernel.kallsyms])
col,16777216,32,simulation,6152,11651615.317011:,153509,cache-misses:,ffffffff8d23738b,free_pcppages_bulk+0x2fb,([kernel.kallsyms])
col,16777216,32,simulation,6152,11651615.324216:,10483,branch-misses:,ffffffff8d2373a4,free_pcppages_bulk+0x314,([kernel.kallsyms])
col,16777216,32,simulation,6152,11651615.325561:,164569,cache-misses:,ffffffff8d2836cf,page_remove_rmap+0x2f,([kernel.kallsyms])
col,16777216,32,simulation,6152,11651615.333806:,10558,branch-misses:,ffffffff8d2375e6,free_pcppages_bulk+0x556,([kernel.kallsyms])
col,16777216,32,simulation,6152,11651615.335178:,177242,cache-misses:,ffffffff8d28cbcc,free_pages_and_swap_cache+0x3c,([kernel.kallsyms])
col,16777216,32,simulation,6152,11651615.343844:,10958,branch-misses:,ffffffff8d237489,free_pcppages_bulk+0x3f9,([kernel.kallsyms])
col,16777216,32,simulation,6152,11651615.346295:,159047,cache-misses:,ffffffff8d23737a,free_pcppages_bulk+0x2ea,([kernel.kallsyms])
col,16777216,32,simulation,6152,11651615.350098:,14063,branch-misses:,ffffffff8d2375eb,free_pcppages_bulk+0x55b,([kernel.kallsyms])
